,ID_NEW,LATEST_MNT_OD_DPD_CAT_NEW,NOT_RF_LATEST_25PT,LATEST_3MNTAVG_DIFF_FIRSTFOLLUP_EMIDT_DD,NOT_BNS_RATIO,NOT_RF,OFFLINE__L12M_MODE_CCR_DAY,LATEST_MNT_BNS,NOT_BNS_PAID_BY_EOM,NOT_BANK_CLR_RATIO,MONTS_SINCE_FIRST_BNS,LATEST_TIME_BNS_MOB,PERF_Y_DEF_RF_FLAG
0,AP3019UT0006000_31-AUG-21,0.9749747687449024,3.4775866955977506,1.1638156917088385,1.072926340326101,1.9296835680695943,1.1578372137178348,1.2453262666866465,0.7370152323080433,0.9156311994749112,0.8293279698932596,0.9267388293679296,0
1,AP3019UT0006136_31-AUG-21,4.3710909774607725,3.4775866955977506,-0.8158912920763869,1.072926340326101,1.9296835680695943,1.1578372137178348,-0.5450695579659514,0.7370152323080433,0.9156311994749112,0.8293279698932596,0.9267388293679296,0
2,AP3019UT0006264_31-AUG-21,-0.9794920879145566,-1.0414579188799682,1.1638156917088385,1.072926340326101,-1.3678319053270775,1.1578372137178348,1.2453262666866465,0.7370152323080433,0.9156311994749112,0.8293279698932596,0.9267388293679296,0
3,AP3019UT0006273_31-AUG-21,0.9749747687449024,3.4775866955977506,1.1638156917088385,1.072926340326101,1.9296835680695943,1.1578372137178348,1.2453262666866465,0.7370152323080433,0.9156311994749112,0.8293279698932596,0.9267388293679296,0
4,AP3019UT0006497_31-AUG-21,4.3710909774607725,3.4775866955977506,1.1638156917088385,1.072926340326101,1.9296835680695943,1.1578372137178348,1.2453262666866465,0.7370152323080433,0.9156311994749112,0.8293279698932596,0.9267388293679296,0
5,AP3019UT0006554_31-AUG-21,4.3710909774607725,3.4775866955977506,1.1638156917088385,1.072926340326101,1.9296835680695943,1.1578372137178348,-0.5450695579659514,0.7370152323080433,0.9156311994749112,0.8293279698932596,0.9267388293679296,0
6,AP3019UT0006739_31-AUG-21,-0.9794920879145566,-1.0414579188799682,-0.8158912920763869,1.072926340326101,1.9296835680695943,-1.3428864901856794,-0.5450695579659514,-0.3424703416781703,-1.0279546743266548,0.8293279698932596,0.9267388293679296,1
7,AP3019UT0006756_31-AUG-21,4.3710909774607725,3.4775866955977506,1.1638156917088385,1.072926340326101,1.9296835680695943,1.1578372137178348,1.2453262666866465,0.7370152323080433,0.9156311994749112,0.8293279698932596,0.9267388293679296,1
8,AP3019UT0006905_31-AUG-21,-0.9794920879145566,-1.0414579188799682,1.1638156917088385,1.072926340326101,1.9296835680695943,1.1578372137178348,-0.5450695579659514,0.7370152323080433,0.9156311994749112,0.8293279698932596,0.9267388293679296,0
9,AP3019UT0006915_31-AUG-21,-0.9794920879145566,-1.0414579188799682,1.1638156917088385,1.072926340326101,1.9296835680695943,1.1578372137178348,1.2453262666866465,0.7370152323080433,0.9156311994749112,0.8293279698932596,0.9267388293679296,0
10,AP3019UT0006993_31-AUG-21,4.3710909774607725,3.4775866955977506,1.1638156917088385,1.072926340326101,1.9296835680695943,1.1578372137178348,1.2453262666866465,0.7370152323080433,0.9156311994749112,0.8293279698932596,0.9267388293679296,1
11,AP3019UT0007036_31-AUG-21,4.3710909774607725,3.4775866955977506,1.1638156917088385,1.072926340326101,1.9296835680695943,1.1578372137178348,1.2453262666866465,0.7370152323080433,0.9156311994749112,0.8293279698932596,0.9267388293679296,0
12,AP3019UT0007074_31-AUG-21,-0.9794920879145566,-1.0414579188799682,1.1638156917088385,1.072926340326101,1.9296835680695943,1.1578372137178348,1.2453262666866465,0.7370152323080433,0.9156311994749112,0.8293279698932596,0.9267388293679296,1
13,AP3019UT0007115_31-AUG-21,4.3710909774607725,3.4775866955977506,1.1638156917088385,1.072926340326101,1.9296835680695943,1.1578372137178348,1.2453262666866465,0.7370152323080433,0.9156311994749112,0.8293279698932596,0.9267388293679296,1
14,AP3019UT0007119_31-AUG-21,-0.9794920879145566,-1.0414579188799682,-0.8158912920763869,1.072926340326101,1.9296835680695943,1.1578372137178348,-0.5450695579659514,-0.3424703416781703,-1.0279546743266548,0.8293279698932596,0.9267388293679296,0
15,AP3019UT0007127_31-AUG-21,-0.9794920879145566,3.4775866955977506,1.1638156917088385,1.072926340326101,1.9296835680695943,1.1578372137178348,-0.5450695579659514,-0.3424703416781703,0.9156311994749112,0.8293279698932596,0.9267388293679296,1
16,AP3019UT0007131_31-AUG-21,-0.9794920879145566,-1.0414579188799682,1.1638156917088385,-1.352554573949082,-1.3678319053270775,1.1578372137178348,-0.5450695579659514,0.7370152323080433,-1.0279546743266548,0.8293279698932596,0.9267388293679296,0
17,AP3019UT0007159_31-AUG-21,4.3710909774607725,3.4775866955977506,1.1638156917088385,1.072926340326101,1.9296835680695943,1.1578372137178348,1.2453262666866465,0.7370152323080433,0.9156311994749112,0.8293279698932596,0.9267388293679296,0
18,AP3019UT0007183_31-AUG-21,-0.9794920879145566,-1.0414579188799682,-0.8158912920763869,-1.352554573949082,-1.3678319053270775,-1.3428864901856794,-0.5450695579659514,-0.3424703416781703,-1.0279546743266548,0.8293279698932596,0.9267388293679296,0
19,AP3019UT0007189_31-AUG-21,-0.9794920879145566,-1.0414579188799682,1.1638156917088385,1.072926340326101,1.9296835680695943,-1.3428864901856794,-0.5450695579659514,0.7370152323080433,0.9156311994749112,0.8293279698932596,0.9267388293679296,0
20,AP3019UT0007200_31-AUG-21,-0.9794920879145566,-1.0414579188799682,-0.8158912920763869,-1.352554573949082,-1.3678319053270775,-1.3428864901856794,-0.5450695579659514,-0.3424703416781703,-1.0279546743266548,0.8293279698932596,0.9267388293679296,0
21,AP3019UT0007220_31-AUG-21,-0.9794920879145566,-1.0414579188799682,-0.8158912920763869,-1.352554573949082,-1.3678319053270775,-1.3428864901856794,-0.5450695579659514,-0.3424703416781703,-1.0279546743266548,-0.6306684523261731,-0.8248356975177262,0
22,AP3019UT0007221_31-AUG-21,-0.9794920879145566,-1.0414579188799682,1.1638156917088385,1.072926340326101,1.9296835680695943,-1.3428864901856794,-0.5450695579659514,-0.3424703416781703,0.9156311994749112,0.8293279698932596,0.9267388293679296,0
23,AP3019UT0007222_31-AUG-21,-0.9794920879145566,-1.0414579188799682,-0.8158912920763869,-1.352554573949082,-1.3678319053270775,-1.3428864901856794,-0.5450695579659514,-0.3424703416781703,-1.0279546743266548,0.8293279698932596,0.9267388293679296,0
24,AP3019UT0007224_31-AUG-21,-0.9794920879145566,-1.0414579188799682,-0.8158912920763869,-1.352554573949082,-1.3678319053270775,-1.3428864901856794,-0.5450695579659514,-0.3424703416781703,-1.0279546743266548,-0.6306684523261731,-0.8248356975177262,0
25,AP3019UT0007226_31-AUG-21,-0.9794920879145566,-1.0414579188799682,-0.8158912920763869,-1.352554573949082,-1.3678319053270775,-1.3428864901856794,-0.5450695579659514,-0.3424703416781703,-1.0279546743266548,-0.6306684523261731,-0.8248356975177262,0
26,AP3019UT0007227_31-AUG-21,-0.9794920879145566,-1.0414579188799682,-0.8158912920763869,-1.352554573949082,1.9296835680695943,-1.3428864901856794,-0.5450695579659514,-0.3424703416781703,-1.0279546743266548,0.8293279698932596,0.9267388293679296,0
27,AP3019UT0007230_31-AUG-21,-0.9794920879145566,-1.0414579188799682,-0.8158912920763869,-1.352554573949082,1.9296835680695943,-1.3428864901856794,-0.5450695579659514,-0.3424703416781703,-1.0279546743266548,0.8293279698932596,0.9267388293679296,0
28,AP3019UT0007232_31-AUG-21,-0.9794920879145566,-1.0414579188799682,1.1638156917088385,1.072926340326101,1.9296835680695943,1.1578372137178348,1.2453262666866465,0.7370152323080433,0.9156311994749112,0.8293279698932596,0.9267388293679296,0
29,AP3019UT0007233_31-AUG-21,-0.9794920879145566,-1.0414579188799682,1.1638156917088385,-1.352554573949082,-1.3678319053270775,-1.3428864901856794,-0.5450695579659514,-0.3424703416781703,-1.0279546743266548,-0.6306684523261731,0.9267388293679296,0
30,AP3019UT0007237_31-AUG-21,-0.9794920879145566,-1.0414579188799682,-0.8158912920763869,1.072926340326101,1.9296835680695943,1.1578372137178348,-0.5450695579659514,-0.3424703416781703,0.9156311994749112,0.8293279698932596,0.9267388293679296,0
31,AP3019UT0007239_31-AUG-21,-0.9794920879145566,-1.0414579188799682,-0.8158912920763869,1.072926340326101,-1.3678319053270775,1.1578372137178348,-0.5450695579659514,0.7370152323080433,-1.0279546743266548,0.8293279698932596,0.9267388293679296,0
32,AP3019UT0007241_31-AUG-21,-0.9794920879145566,-1.0414579188799682,-0.8158912920763869,-1.352554573949082,-1.3678319053270775,-1.3428864901856794,-0.5450695579659514,-0.3424703416781703,-1.0279546743266548,-0.6306684523261731,0.9267388293679296,0
33,AP3019UT0007242_31-AUG-21,-0.9794920879145566,-1.0414579188799682,-0.8158912920763869,1.072926340326101,1.9296835680695943,1.1578372137178348,-0.5450695579659514,0.7370152323080433,0.9156311994749112,0.8293279698932596,0.9267388293679296,0
34,AP3019UT0007247_31-AUG-21,-0.9794920879145566,-1.0414579188799682,-0.8158912920763869,-1.352554573949082,-1.3678319053270775,-1.3428864901856794,-0.5450695579659514,-0.3424703416781703,-1.0279546743266548,-0.6306684523261731,-0.8248356975177262,0
35,AP3019UT0007248_31-AUG-21,-0.9794920879145566,-1.0414579188799682,-0.8158912920763869,-1.352554573949082,-1.3678319053270775,1.1578372137178348,-0.5450695579659514,-0.3424703416781703,-1.0279546743266548,0.8293279698932596,0.9267388293679296,0
36,AP3019UT0007249_31-AUG-21,-0.9794920879145566,-1.0414579188799682,-0.8158912920763869,-1.352554573949082,1.9296835680695943,-1.3428864901856794,-0.5450695579659514,-0.3424703416781703,-1.0279546743266548,0.8293279698932596,0.9267388293679296,0
37,AP3019UT0007251_31-AUG-21,4.3710909774607725,3.4775866955977506,1.1638156917088385,1.072926340326101,1.9296835680695943,1.1578372137178348,1.2453262666866465,0.7370152323080433,0.9156311994749112,0.8293279698932596,0.9267388293679296,0
38,AP3019UT0007253_31-AUG-21,-0.9794920879145566,-1.0414579188799682,-0.8158912920763869,-1.352554573949082,1.9296835680695943,-1.3428864901856794,-0.5450695579659514,-0.3424703416781703,-1.0279546743266548,0.8293279698932596,0.9267388293679296,0
39,AP3019UT0007254_31-AUG-21,-0.9794920879145566,-1.0414579188799682,-0.8158912920763869,1.072926340326101,1.9296835680695943,-1.3428864901856794,-0.5450695579659514,0.7370152323080433,0.9156311994749112,0.8293279698932596,0.9267388293679296,0
40,AP3019UT0007255_31-AUG-21,-0.9794920879145566,-1.0414579188799682,1.1638156917088385,1.072926340326101,1.9296835680695943,-1.3428864901856794,1.2453262666866465,0.7370152323080433,0.9156311994749112,0.8293279698932596,0.9267388293679296,0
41,AP3019UT0007258_31-AUG-21,4.3710909774607725,3.4775866955977506,1.1638156917088385,1.072926340326101,1.9296835680695943,1.1578372137178348,1.2453262666866465,0.7370152323080433,0.9156311994749112,0.8293279698932596,0.9267388293679296,1
42,AP3019UT0007261_31-AUG-21,-0.9794920879145566,-1.0414579188799682,1.1638156917088385,1.072926340326101,1.9296835680695943,-1.3428864901856794,1.2453262666866465,0.7370152323080433,0.9156311994749112,0.8293279698932596,0.9267388293679296,0
43,AP3019UT0007263_31-AUG-21,-0.9794920879145566,-1.0414579188799682,-0.8158912920763869,-1.352554573949082,-1.3678319053270775,-1.3428864901856794,-0.5450695579659514,-0.3424703416781703,-1.0279546743266548,0.8293279698932596,-0.8248356975177262,0
44,AP3019UT0007265_31-AUG-21,-0.9794920879145566,-1.0414579188799682,1.1638156917088385,1.072926340326101,1.9296835680695943,1.1578372137178348,-0.5450695579659514,0.7370152323080433,0.9156311994749112,0.8293279698932596,0.9267388293679296,0
45,AP3019UT0007267_31-AUG-21,-0.9794920879145566,3.4775866955977506,1.1638156917088385,1.072926340326101,1.9296835680695943,1.1578372137178348,1.2453262666866465,0.7370152323080433,0.9156311994749112,0.8293279698932596,0.9267388293679296,0
46,AP3019UT0007268_31-AUG-21,-0.9794920879145566,-1.0414579188799682,-0.8158912920763869,-1.352554573949082,-1.3678319053270775,-1.3428864901856794,-0.5450695579659514,-0.3424703416781703,-1.0279546743266548,-0.6306684523261731,-0.8248356975177262,0
47,AP3019UT0007271_31-AUG-21,4.3710909774607725,3.4775866955977506,1.1638156917088385,1.072926340326101,1.9296835680695943,1.1578372137178348,1.2453262666866465,0.7370152323080433,0.9156311994749112,0.8293279698932596,0.9267388293679296,0
48,AP3019UT0007272_31-AUG-21,-0.9794920879145566,-1.0414579188799682,1.1638156917088385,1.072926340326101,1.9296835680695943,1.1578372137178348,-0.5450695579659514,0.7370152323080433,0.9156311994749112,0.8293279698932596,0.9267388293679296,0
49,AP3019UT0007274_31-AUG-21,-0.9794920879145566,-1.0414579188799682,-0.8158912920763869,-1.352554573949082,-1.3678319053270775,-1.3428864901856794,-0.5450695579659514,-0.3424703416781703,-1.0279546743266548,0.8293279698932596,0.9267388293679296,0
50,AP3019UT0007275_31-AUG-21,4.3710909774607725,3.4775866955977506,1.1638156917088385,1.072926340326101,1.9296835680695943,1.1578372137178348,1.2453262666866465,-0.3424703416781703,0.9156311994749112,0.8293279698932596,0.9267388293679296,1
51,AP3019UT0007276_31-AUG-21,-0.9794920879145566,-1.0414579188799682,-0.8158912920763869,-1.352554573949082,-1.3678319053270775,-1.3428864901856794,-0.5450695579659514,0.7370152323080433,-1.0279546743266548,0.8293279698932596,-0.8248356975177262,0
52,AP3019UT0007280_31-AUG-21,-0.9794920879145566,-1.0414579188799682,-0.8158912920763869,1.072926340326101,-1.3678319053270775,-1.3428864901856794,-0.5450695579659514,0.7370152323080433,-1.0279546743266548,0.8293279698932596,0.9267388293679296,0
53,AP3019UT0007281_31-AUG-21,-0.9794920879145566,-1.0414579188799682,-0.8158912920763869,-1.352554573949082,-1.3678319053270775,-1.3428864901856794,-0.5450695579659514,-0.3424703416781703,-1.0279546743266548,-0.6306684523261731,-0.8248356975177262,0
54,AP3019UT0007285_31-AUG-21,-0.9794920879145566,-1.0414579188799682,-0.8158912920763869,-1.352554573949082,-1.3678319053270775,-1.3428864901856794,-0.5450695579659514,-0.3424703416781703,-1.0279546743266548,-0.6306684523261731,-0.8248356975177262,0
55,AP3019UT0007286_31-AUG-21,-0.9794920879145566,-1.0414579188799682,-0.8158912920763869,1.072926340326101,-1.3678319053270775,-1.3428864901856794,-0.5450695579659514,0.7370152323080433,0.9156311994749112,0.8293279698932596,0.9267388293679296,0
56,AP3019UT0007289_31-AUG-21,-0.9794920879145566,-1.0414579188799682,-0.8158912920763869,1.072926340326101,1.9296835680695943,-1.3428864901856794,-0.5450695579659514,0.7370152323080433,0.9156311994749112,0.8293279698932596,0.9267388293679296,0
57,AP3019UT0007291_31-AUG-21,4.3710909774607725,3.4775866955977506,-0.8158912920763869,1.072926340326101,1.9296835680695943,1.1578372137178348,-0.5450695579659514,-0.3424703416781703,0.9156311994749112,0.8293279698932596,0.9267388293679296,1
58,AP3019UT0007293_31-AUG-21,4.3710909774607725,3.4775866955977506,1.1638156917088385,1.072926340326101,1.9296835680695943,1.1578372137178348,1.2453262666866465,0.7370152323080433,0.9156311994749112,0.8293279698932596,0.9267388293679296,0
59,AP3019UT0007294_31-AUG-21,-0.9794920879145566,-1.0414579188799682,-0.8158912920763869,-1.352554573949082,1.9296835680695943,-1.3428864901856794,-0.5450695579659514,-0.3424703416781703,-1.0279546743266548,0.8293279698932596,0.9267388293679296,0
60,AP3019UT0007296_31-AUG-21,-0.9794920879145566,-1.0414579188799682,-0.8158912920763869,1.072926340326101,-1.3678319053270775,-1.3428864901856794,-0.5450695579659514,0.7370152323080433,0.9156311994749112,0.8293279698932596,0.9267388293679296,0
61,AP3019UT0007298_31-AUG-21,-0.9794920879145566,-1.0414579188799682,-0.8158912920763869,-1.352554573949082,-1.3678319053270775,-1.3428864901856794,-0.5450695579659514,-0.3424703416781703,-1.0279546743266548,-0.6306684523261731,-0.8248356975177262,0
62,AP3019UT0007299_31-AUG-21,-0.9794920879145566,-1.0414579188799682,-0.8158912920763869,1.072926340326101,1.9296835680695943,1.1578372137178348,-0.5450695579659514,0.7370152323080433,0.9156311994749112,0.8293279698932596,0.9267388293679296,0
63,AP3019UT0007300_31-AUG-21,-0.9794920879145566,-1.0414579188799682,1.1638156917088385,1.072926340326101,-1.3678319053270775,1.1578372137178348,-0.5450695579659514,0.7370152323080433,0.9156311994749112,0.8293279698932596,0.9267388293679296,0
64,AP3019UT0007301_31-AUG-21,-0.9794920879145566,-1.0414579188799682,-0.8158912920763869,-1.352554573949082,-1.3678319053270775,-1.3428864901856794,-0.5450695579659514,-0.3424703416781703,-1.0279546743266548,-0.6306684523261731,-0.8248356975177262,0
65,AP3019UT0007302_31-AUG-21,-0.9794920879145566,-1.0414579188799682,-0.8158912920763869,-1.352554573949082,-1.3678319053270775,-1.3428864901856794,-0.5450695579659514,-0.3424703416781703,-1.0279546743266548,-0.6306684523261731,-0.8248356975177262,0
66,AP3019UT0007304_31-AUG-21,-0.9794920879145566,-1.0414579188799682,-0.8158912920763869,-1.352554573949082,-1.3678319053270775,-1.3428864901856794,-0.5450695579659514,-0.3424703416781703,-1.0279546743266548,0.8293279698932596,0.9267388293679296,0
67,AP3019UT0007305_31-AUG-21,-0.9794920879145566,-1.0414579188799682,-0.8158912920763869,-1.352554573949082,-1.3678319053270775,-1.3428864901856794,-0.5450695579659514,-0.3424703416781703,-1.0279546743266548,-0.6306684523261731,-0.8248356975177262,0
68,AP3019UT0007306_31-AUG-21,-0.9794920879145566,-1.0414579188799682,1.1638156917088385,1.072926340326101,1.9296835680695943,1.1578372137178348,1.2453262666866465,0.7370152323080433,0.9156311994749112,0.8293279698932596,0.9267388293679296,0
69,AP3019UT0007307_31-AUG-21,-0.9794920879145566,-1.0414579188799682,1.1638156917088385,1.072926340326101,1.9296835680695943,1.1578372137178348,-0.5450695579659514,0.7370152323080433,0.9156311994749112,0.8293279698932596,0.9267388293679296,0
70,AP3019UT0007308_31-AUG-21,-0.9794920879145566,-1.0414579188799682,1.1638156917088385,1.072926340326101,1.9296835680695943,1.1578372137178348,-0.5450695579659514,-0.3424703416781703,-1.0279546743266548,0.8293279698932596,0.9267388293679296,0
71,AP3019UT0007309_31-AUG-21,-0.9794920879145566,-1.0414579188799682,-0.8158912920763869,1.072926340326101,1.9296835680695943,1.1578372137178348,-0.5450695579659514,-0.3424703416781703,0.9156311994749112,0.8293279698932596,0.9267388293679296,0
72,AP3019UT0007310_31-AUG-21,-0.9794920879145566,-1.0414579188799682,-0.8158912920763869,-1.352554573949082,-1.3678319053270775,-1.3428864901856794,-0.5450695579659514,-0.3424703416781703,-1.0279546743266548,0.8293279698932596,-0.8248356975177262,0
73,AP3019UT0007311_31-AUG-21,-0.9794920879145566,-1.0414579188799682,-0.8158912920763869,-1.352554573949082,-1.3678319053270775,-1.3428864901856794,-0.5450695579659514,-0.3424703416781703,-1.0279546743266548,-0.6306684523261731,-0.8248356975177262,0
74,AP3019UT0007312_31-AUG-21,-0.9794920879145566,-1.0414579188799682,-0.8158912920763869,1.072926340326101,-1.3678319053270775,-1.3428864901856794,1.2453262666866465,0.7370152323080433,0.9156311994749112,0.8293279698932596,0.9267388293679296,0
75,AP3019UT0007313_31-AUG-21,-0.9794920879145566,-1.0414579188799682,-0.8158912920763869,1.072926340326101,1.9296835680695943,-1.3428864901856794,-0.5450695579659514,0.7370152323080433,0.9156311994749112,0.8293279698932596,0.9267388293679296,0
76,AP3019UT0007315_31-AUG-21,-0.9794920879145566,-1.0414579188799682,-0.8158912920763869,-1.352554573949082,-1.3678319053270775,-1.3428864901856794,-0.5450695579659514,-0.3424703416781703,0.9156311994749112,-0.6306684523261731,-0.8248356975177262,0
77,AP3019UT0007318_31-AUG-21,-0.9794920879145566,-1.0414579188799682,-0.8158912920763869,-1.352554573949082,-1.3678319053270775,-1.3428864901856794,-0.5450695579659514,-0.3424703416781703,-1.0279546743266548,-0.6306684523261731,-0.8248356975177262,0
78,AP3019UT0007322_31-AUG-21,4.3710909774607725,3.4775866955977506,1.1638156917088385,1.072926340326101,1.9296835680695943,1.1578372137178348,1.2453262666866465,0.7370152323080433,0.9156311994749112,0.8293279698932596,0.9267388293679296,1
79,AP3019UT0007323_31-AUG-21,-0.9794920879145566,-1.0414579188799682,-0.8158912920763869,-1.352554573949082,-1.3678319053270775,-1.3428864901856794,-0.5450695579659514,0.7370152323080433,-1.0279546743266548,0.8293279698932596,0.9267388293679296,0
80,AP3019UT0007324_31-AUG-21,-0.9794920879145566,-1.0414579188799682,-0.8158912920763869,-1.352554573949082,-1.3678319053270775,-1.3428864901856794,-0.5450695579659514,-0.3424703416781703,-1.0279546743266548,-0.6306684523261731,0.9267388293679296,0
81,AP3019UT0007328_31-AUG-21,4.3710909774607725,3.4775866955977506,-0.8158912920763869,-1.352554573949082,1.9296835680695943,-1.3428864901856794,-0.5450695579659514,0.7370152323080433,-1.0279546743266548,0.8293279698932596,0.9267388293679296,1
82,AP3019UT0007329_31-AUG-21,-0.9794920879145566,-1.0414579188799682,-0.8158912920763869,-1.352554573949082,-1.3678319053270775,-1.3428864901856794,-0.5450695579659514,-0.3424703416781703,-1.0279546743266548,0.8293279698932596,0.9267388293679296,0
83,AP3019UT0007330_31-AUG-21,-0.9794920879145566,-1.0414579188799682,-0.8158912920763869,-1.352554573949082,1.9296835680695943,-1.3428864901856794,-0.5450695579659514,-0.3424703416781703,-1.0279546743266548,0.8293279698932596,0.9267388293679296,0
84,AP3019UT0007333_31-AUG-21,-0.9794920879145566,-1.0414579188799682,-0.8158912920763869,1.072926340326101,-1.3678319053270775,-1.3428864901856794,-0.5450695579659514,0.7370152323080433,0.9156311994749112,0.8293279698932596,0.9267388293679296,0
85,AP3019UT0007335_31-AUG-21,-0.9794920879145566,-1.0414579188799682,-0.8158912920763869,1.072926340326101,1.9296835680695943,-1.3428864901856794,-0.5450695579659514,-0.3424703416781703,0.9156311994749112,0.8293279698932596,0.9267388293679296,0
86,AP3019UT0007336_31-AUG-21,-0.9794920879145566,-1.0414579188799682,-0.8158912920763869,-1.352554573949082,1.9296835680695943,1.1578372137178348,-0.5450695579659514,-0.3424703416781703,-1.0279546743266548,0.8293279698932596,0.9267388293679296,0
87,AP3019UT0007337_31-AUG-21,-0.9794920879145566,-1.0414579188799682,-0.8158912920763869,-1.352554573949082,-1.3678319053270775,1.1578372137178348,-0.5450695579659514,0.7370152323080433,-1.0279546743266548,0.8293279698932596,0.9267388293679296,0
88,AP3019UT0007338_31-AUG-21,-0.9794920879145566,-1.0414579188799682,-0.8158912920763869,-1.352554573949082,-1.3678319053270775,-1.3428864901856794,-0.5450695579659514,-0.3424703416781703,-1.0279546743266548,-0.6306684523261731,-0.8248356975177262,0
89,AP3019UT0007340_31-AUG-21,-0.9794920879145566,-1.0414579188799682,1.1638156917088385,1.072926340326101,1.9296835680695943,1.1578372137178348,1.2453262666866465,0.7370152323080433,0.9156311994749112,0.8293279698932596,0.9267388293679296,0
90,AP3019UT0007341_31-AUG-21,-0.9794920879145566,-1.0414579188799682,-0.8158912920763869,1.072926340326101,1.9296835680695943,-1.3428864901856794,-0.5450695579659514,-0.3424703416781703,0.9156311994749112,0.8293279698932596,0.9267388293679296,0
91,AP3019UT0007342_31-AUG-21,-0.9794920879145566,-1.0414579188799682,-0.8158912920763869,-1.352554573949082,-1.3678319053270775,-1.3428864901856794,-0.5450695579659514,-0.3424703416781703,-1.0279546743266548,0.8293279698932596,0.9267388293679296,0
92,AP3019UT0007344_31-AUG-21,-0.9794920879145566,-1.0414579188799682,-0.8158912920763869,1.072926340326101,1.9296835680695943,-1.3428864901856794,1.2453262666866465,-0.3424703416781703,0.9156311994749112,0.8293279698932596,0.9267388293679296,0
93,AP3019UT0007346_31-AUG-21,-0.9794920879145566,-1.0414579188799682,-0.8158912920763869,-1.352554573949082,-1.3678319053270775,-1.3428864901856794,-0.5450695579659514,-0.3424703416781703,-1.0279546743266548,0.8293279698932596,0.9267388293679296,0
94,AP3019UT0007348_31-AUG-21,-0.9794920879145566,-1.0414579188799682,-0.8158912920763869,-1.352554573949082,-1.3678319053270775,-1.3428864901856794,-0.5450695579659514,0.7370152323080433,-1.0279546743266548,0.8293279698932596,0.9267388293679296,0
95,AP3019UT0007350_31-AUG-21,0.9749747687449024,-1.0414579188799682,1.1638156917088385,1.072926340326101,1.9296835680695943,1.1578372137178348,-0.5450695579659514,-0.3424703416781703,0.9156311994749112,0.8293279698932596,0.9267388293679296,0
96,AP3019UT0007351_31-AUG-21,-0.9794920879145566,-1.0414579188799682,-0.8158912920763869,-1.352554573949082,-1.3678319053270775,-1.3428864901856794,-0.5450695579659514,-0.3424703416781703,-1.0279546743266548,0.8293279698932596,0.9267388293679296,0
97,AP3019UT0007355_31-AUG-21,-0.9794920879145566,-1.0414579188799682,-0.8158912920763869,-1.352554573949082,-1.3678319053270775,-1.3428864901856794,-0.5450695579659514,-0.3424703416781703,-1.0279546743266548,0.8293279698932596,0.9267388293679296,0
98,AP3019UT0007356_31-AUG-21,4.3710909774607725,3.4775866955977506,1.1638156917088385,1.072926340326101,1.9296835680695943,1.1578372137178348,1.2453262666866465,0.7370152323080433,0.9156311994749112,0.8293279698932596,0.9267388293679296,1
99,AP3019UT0007357_31-AUG-21,-0.9794920879145566,-1.0414579188799682,-0.8158912920763869,-1.352554573949082,-1.3678319053270775,-1.3428864901856794,-0.5450695579659514,-0.3424703416781703,-1.0279546743266548,0.8293279698932596,-0.8248356975177262,0
100,AP3019UT0007358_31-AUG-21,-0.9794920879145566,-1.0414579188799682,-0.8158912920763869,-1.352554573949082,-1.3678319053270775,-1.3428864901856794,-0.5450695579659514,-0.3424703416781703,-1.0279546743266548,-0.6306684523261731,-0.8248356975177262,0
101,AP3019UT0007359_31-AUG-21,-0.9794920879145566,-1.0414579188799682,-0.8158912920763869,-1.352554573949082,-1.3678319053270775,-1.3428864901856794,-0.5450695579659514,-0.3424703416781703,-1.0279546743266548,-0.6306684523261731,-0.8248356975177262,0
102,AP3019UT0007360_31-AUG-21,-0.9794920879145566,-1.0414579188799682,-0.8158912920763869,-1.352554573949082,-1.3678319053270775,-1.3428864901856794,-0.5450695579659514,-0.3424703416781703,-1.0279546743266548,-0.6306684523261731,-0.8248356975177262,0
103,AP3019UT0007361_31-AUG-21,-0.9794920879145566,-1.0414579188799682,-0.8158912920763869,-1.352554573949082,-1.3678319053270775,-1.3428864901856794,-0.5450695579659514,-0.3424703416781703,-1.0279546743266548,-0.6306684523261731,-0.8248356975177262,0
104,AP3019UT0007362_31-AUG-21,-0.9794920879145566,-1.0414579188799682,-0.8158912920763869,-1.352554573949082,-1.3678319053270775,-1.3428864901856794,-0.5450695579659514,-0.3424703416781703,-1.0279546743266548,-0.6306684523261731,-0.8248356975177262,0
105,AP3019UT0007363_31-AUG-21,-0.9794920879145566,-1.0414579188799682,-0.8158912920763869,-1.352554573949082,1.9296835680695943,-1.3428864901856794,-0.5450695579659514,0.7370152323080433,-1.0279546743266548,0.8293279698932596,0.9267388293679296,1
106,AP3019UT0007365_31-AUG-21,-0.9794920879145566,-1.0414579188799682,-0.8158912920763869,-1.352554573949082,-1.3678319053270775,-1.3428864901856794,-0.5450695579659514,-0.3424703416781703,-1.0279546743266548,-0.6306684523261731,-0.8248356975177262,0
107,AP3019UT0007368_31-AUG-21,-0.9794920879145566,-1.0414579188799682,-0.8158912920763869,-1.352554573949082,-1.3678319053270775,-1.3428864901856794,-0.5450695579659514,-0.3424703416781703,-1.0279546743266548,-0.6306684523261731,-0.8248356975177262,0
108,AP3019UT0007370_31-AUG-21,-0.9794920879145566,-1.0414579188799682,-0.8158912920763869,-1.352554573949082,-1.3678319053270775,-1.3428864901856794,-0.5450695579659514,-0.3424703416781703,-1.0279546743266548,-0.6306684523261731,-0.8248356975177262,0
109,AP3019UT0007371_31-AUG-21,-0.9794920879145566,-1.0414579188799682,-0.8158912920763869,-1.352554573949082,-1.3678319053270775,-1.3428864901856794,-0.5450695579659514,-0.3424703416781703,-1.0279546743266548,-0.6306684523261731,-0.8248356975177262,0
110,AP3019UT0007372_31-AUG-21,-0.9794920879145566,-1.0414579188799682,-0.8158912920763869,-1.352554573949082,1.9296835680695943,-1.3428864901856794,-0.5450695579659514,-0.3424703416781703,-1.0279546743266548,0.8293279698932596,0.9267388293679296,0
111,AP3019UT0007375_31-AUG-21,-0.9794920879145566,-1.0414579188799682,-0.8158912920763869,-1.352554573949082,-1.3678319053270775,-1.3428864901856794,-0.5450695579659514,-0.3424703416781703,-1.0279546743266548,-0.6306684523261731,-0.8248356975177262,0
112,AP3019UT0007376_31-AUG-21,-0.9794920879145566,-1.0414579188799682,-0.8158912920763869,-1.352554573949082,-1.3678319053270775,-1.3428864901856794,-0.5450695579659514,-0.3424703416781703,-1.0279546743266548,-0.6306684523261731,-0.8248356975177262,0
113,AP3019UT0007377_31-AUG-21,-0.9794920879145566,-1.0414579188799682,-0.8158912920763869,-1.352554573949082,-1.3678319053270775,-1.3428864901856794,-0.5450695579659514,0.7370152323080433,-1.0279546743266548,0.8293279698932596,0.9267388293679296,0
114,AP3019UT0007378_31-AUG-21,-0.9794920879145566,-1.0414579188799682,1.1638156917088385,1.072926340326101,-1.3678319053270775,1.1578372137178348,1.2453262666866465,0.7370152323080433,0.9156311994749112,0.8293279698932596,0.9267388293679296,0
115,AP3019UT0007379_31-AUG-21,-0.9794920879145566,-1.0414579188799682,1.1638156917088385,1.072926340326101,-1.3678319053270775,1.1578372137178348,1.2453262666866465,0.7370152323080433,0.9156311994749112,0.8293279698932596,0.9267388293679296,1
116,AP3019UT0007380_31-AUG-21,-0.9794920879145566,-1.0414579188799682,-0.8158912920763869,-1.352554573949082,1.9296835680695943,1.1578372137178348,-0.5450695579659514,-0.3424703416781703,-1.0279546743266548,0.8293279698932596,0.9267388293679296,0
117,AP3019UT0007381_31-AUG-21,-0.9794920879145566,-1.0414579188799682,1.1638156917088385,1.072926340326101,1.9296835680695943,1.1578372137178348,-0.5450695579659514,0.7370152323080433,0.9156311994749112,0.8293279698932596,0.9267388293679296,0
118,AP3019UT0007382_31-AUG-21,-0.9794920879145566,-1.0414579188799682,-0.8158912920763869,-1.352554573949082,-1.3678319053270775,-1.3428864901856794,-0.5450695579659514,-0.3424703416781703,-1.0279546743266548,-0.6306684523261731,0.9267388293679296,0
119,AP3019UT0007383_31-AUG-21,4.3710909774607725,3.4775866955977506,1.1638156917088385,-1.352554573949082,1.9296835680695943,-1.3428864901856794,-0.5450695579659514,-0.3424703416781703,-1.0279546743266548,0.8293279698932596,0.9267388293679296,1
120,AP3019UT0007384_31-AUG-21,-0.9794920879145566,-1.0414579188799682,-0.8158912920763869,-1.352554573949082,-1.3678319053270775,-1.3428864901856794,-0.5450695579659514,-0.3424703416781703,-1.0279546743266548,-0.6306684523261731,-0.8248356975177262,0
121,AP3019UT0007386_31-AUG-21,-0.9794920879145566,-1.0414579188799682,-0.8158912920763869,-1.352554573949082,-1.3678319053270775,-1.3428864901856794,-0.5450695579659514,-0.3424703416781703,-1.0279546743266548,-0.6306684523261731,-0.8248356975177262,0
122,AP3019UT0007387_31-AUG-21,-0.9794920879145566,-1.0414579188799682,-0.8158912920763869,-1.352554573949082,-1.3678319053270775,-1.3428864901856794,-0.5450695579659514,-0.3424703416781703,-1.0279546743266548,0.8293279698932596,0.9267388293679296,0
123,AP3019UT0007388_31-AUG-21,4.3710909774607725,3.4775866955977506,-0.8158912920763869,1.072926340326101,1.9296835680695943,-1.3428864901856794,-0.5450695579659514,0.7370152323080433,0.9156311994749112,0.8293279698932596,0.9267388293679296,1
124,AP3019UT0007389_31-AUG-21,-0.9794920879145566,-1.0414579188799682,-0.8158912920763869,-1.352554573949082,-1.3678319053270775,-1.3428864901856794,-0.5450695579659514,-0.3424703416781703,-1.0279546743266548,0.8293279698932596,0.9267388293679296,0
125,AP3019UT0007391_31-AUG-21,-0.9794920879145566,-1.0414579188799682,1.1638156917088385,-1.352554573949082,-1.3678319053270775,-1.3428864901856794,1.2453262666866465,-0.3424703416781703,-1.0279546743266548,-0.6306684523261731,0.9267388293679296,0
126,AP3019UT0007393_31-AUG-21,-0.9794920879145566,-1.0414579188799682,-0.8158912920763869,-1.352554573949082,-1.3678319053270775,-1.3428864901856794,-0.5450695579659514,-0.3424703416781703,-1.0279546743266548,-0.6306684523261731,-0.8248356975177262,0
127,AP3019UT0007394_31-AUG-21,4.3710909774607725,3.4775866955977506,-0.8158912920763869,-1.352554573949082,1.9296835680695943,-1.3428864901856794,-0.5450695579659514,-0.3424703416781703,-1.0279546743266548,-0.6306684523261731,0.9267388293679296,1
128,AP3019UT0007395_31-AUG-21,-0.9794920879145566,-1.0414579188799682,-0.8158912920763869,-1.352554573949082,-1.3678319053270775,-1.3428864901856794,-0.5450695579659514,-0.3424703416781703,-1.0279546743266548,0.8293279698932596,0.9267388293679296,0
129,AP3019UT0007396_31-AUG-21,-0.9794920879145566,-1.0414579188799682,-0.8158912920763869,-1.352554573949082,-1.3678319053270775,-1.3428864901856794,-0.5450695579659514,-0.3424703416781703,-1.0279546743266548,-0.6306684523261731,-0.8248356975177262,0
130,AP3019UT0007399_31-AUG-21,4.3710909774607725,3.4775866955977506,-0.8158912920763869,1.072926340326101,1.9296835680695943,1.1578372137178348,-0.5450695579659514,-0.3424703416781703,0.9156311994749112,0.8293279698932596,0.9267388293679296,1
131,AP3019UT0007400_31-AUG-21,-0.9794920879145566,-1.0414579188799682,-0.8158912920763869,-1.352554573949082,-1.3678319053270775,-1.3428864901856794,-0.5450695579659514,-0.3424703416781703,-1.0279546743266548,0.8293279698932596,0.9267388293679296,0
132,AP3019UT0007401_31-AUG-21,-0.9794920879145566,-1.0414579188799682,-0.8158912920763869,-1.352554573949082,1.9296835680695943,1.1578372137178348,-0.5450695579659514,-0.3424703416781703,-1.0279546743266548,0.8293279698932596,0.9267388293679296,0
133,AP3019UT0007404_31-AUG-21,-0.9794920879145566,-1.0414579188799682,-0.8158912920763869,-1.352554573949082,-1.3678319053270775,-1.3428864901856794,-0.5450695579659514,-0.3424703416781703,-1.0279546743266548,-0.6306684523261731,-0.8248356975177262,0
134,AP3019UT0007405_31-AUG-21,-0.9794920879145566,-1.0414579188799682,-0.8158912920763869,-1.352554573949082,-1.3678319053270775,-1.3428864901856794,-0.5450695579659514,0.7370152323080433,-1.0279546743266548,0.8293279698932596,-0.8248356975177262,0
135,AP3019UT0007407_31-AUG-21,-0.9794920879145566,-1.0414579188799682,-0.8158912920763869,-1.352554573949082,-1.3678319053270775,-1.3428864901856794,-0.5450695579659514,-0.3424703416781703,-1.0279546743266548,0.8293279698932596,0.9267388293679296,0
136,AP3019UT0007409_31-AUG-21,-0.9794920879145566,-1.0414579188799682,-0.8158912920763869,1.072926340326101,1.9296835680695943,1.1578372137178348,-0.5450695579659514,-0.3424703416781703,0.9156311994749112,0.8293279698932596,0.9267388293679296,0
137,AP3019UT0007411_31-AUG-21,-0.9794920879145566,-1.0414579188799682,-0.8158912920763869,-1.352554573949082,-1.3678319053270775,-1.3428864901856794,-0.5450695579659514,-0.3424703416781703,-1.0279546743266548,-0.6306684523261731,-0.8248356975177262,0
138,AP3019UT0007412_31-AUG-21,4.3710909774607725,3.4775866955977506,-0.8158912920763869,-1.352554573949082,1.9296835680695943,-1.3428864901856794,-0.5450695579659514,-0.3424703416781703,-1.0279546743266548,0.8293279698932596,0.9267388293679296,1
139,AP3019UT0007413_31-AUG-21,-0.9794920879145566,-1.0414579188799682,-0.8158912920763869,-1.352554573949082,-1.3678319053270775,-1.3428864901856794,-0.5450695579659514,-0.3424703416781703,-1.0279546743266548,0.8293279698932596,0.9267388293679296,0
140,AP3019UT0007415_31-AUG-21,-0.9794920879145566,-1.0414579188799682,-0.8158912920763869,1.072926340326101,1.9296835680695943,-1.3428864901856794,-0.5450695579659514,-0.3424703416781703,0.9156311994749112,0.8293279698932596,0.9267388293679296,0
141,AP3019UT0007416_31-AUG-21,-0.9794920879145566,-1.0414579188799682,-0.8158912920763869,1.072926340326101,-1.3678319053270775,-1.3428864901856794,-0.5450695579659514,0.7370152323080433,0.9156311994749112,0.8293279698932596,0.9267388293679296,0
142,AP3019UT0007417_31-AUG-21,-0.9794920879145566,-1.0414579188799682,1.1638156917088385,1.072926340326101,-1.3678319053270775,1.1578372137178348,1.2453262666866465,0.7370152323080433,0.9156311994749112,0.8293279698932596,0.9267388293679296,0
143,AP3019UT0007418_31-AUG-21,2.810628431530183,-1.0414579188799682,1.1638156917088385,1.072926340326101,1.9296835680695943,1.1578372137178348,1.2453262666866465,-0.3424703416781703,0.9156311994749112,0.8293279698932596,0.9267388293679296,0
144,AP3019UT0007420_31-AUG-21,-0.9794920879145566,-1.0414579188799682,1.1638156917088385,1.072926340326101,-1.3678319053270775,1.1578372137178348,1.2453262666866465,0.7370152323080433,0.9156311994749112,0.8293279698932596,0.9267388293679296,0
145,AP3019UT0007421_31-AUG-21,-0.9794920879145566,-1.0414579188799682,1.1638156917088385,-1.352554573949082,-1.3678319053270775,-1.3428864901856794,-0.5450695579659514,-0.3424703416781703,-1.0279546743266548,-0.6306684523261731,-0.8248356975177262,0
146,AP3019UT0007422_31-AUG-21,0.9749747687449024,-1.0414579188799682,1.1638156917088385,1.072926340326101,1.9296835680695943,1.1578372137178348,1.2453262666866465,0.7370152323080433,0.9156311994749112,0.8293279698932596,0.9267388293679296,1
147,AP3019UT0007423_31-AUG-21,-0.9794920879145566,3.4775866955977506,1.1638156917088385,1.072926340326101,1.9296835680695943,1.1578372137178348,1.2453262666866465,0.7370152323080433,0.9156311994749112,0.8293279698932596,0.9267388293679296,0
148,AP3019UT0007424_31-AUG-21,-0.9794920879145566,-1.0414579188799682,-0.8158912920763869,-1.352554573949082,-1.3678319053270775,-1.3428864901856794,-0.5450695579659514,-0.3424703416781703,-1.0279546743266548,-0.6306684523261731,-0.8248356975177262,0
149,AP3019UT0007425_31-AUG-21,-0.9794920879145566,-1.0414579188799682,-0.8158912920763869,1.072926340326101,1.9296835680695943,-1.3428864901856794,1.2453262666866465,0.7370152323080433,0.9156311994749112,0.8293279698932596,0.9267388293679296,0
150,AP3019UT0007426_31-AUG-21,-0.9794920879145566,-1.0414579188799682,1.1638156917088385,1.072926340326101,1.9296835680695943,1.1578372137178348,1.2453262666866465,0.7370152323080433,0.9156311994749112,0.8293279698932596,0.9267388293679296,1
151,AP3019UT0007427_31-AUG-21,4.3710909774607725,3.4775866955977506,-0.8158912920763869,-1.352554573949082,1.9296835680695943,-1.3428864901856794,-0.5450695579659514,-0.3424703416781703,-1.0279546743266548,0.8293279698932596,0.9267388293679296,1
152,AP3019UT0007428_31-AUG-21,4.3710909774607725,3.4775866955977506,1.1638156917088385,1.072926340326101,1.9296835680695943,1.1578372137178348,1.2453262666866465,0.7370152323080433,0.9156311994749112,0.8293279698932596,0.9267388293679296,1
153,AP3019UT0007429_31-AUG-21,-0.9794920879145566,-1.0414579188799682,-0.8158912920763869,-1.352554573949082,1.9296835680695943,-1.3428864901856794,-0.5450695579659514,-0.3424703416781703,-1.0279546743266548,0.8293279698932596,0.9267388293679296,0
154,AP3019UT0007430_31-AUG-21,-0.9794920879145566,-1.0414579188799682,-0.8158912920763869,-1.352554573949082,-1.3678319053270775,-1.3428864901856794,-0.5450695579659514,0.7370152323080433,-1.0279546743266548,0.8293279698932596,0.9267388293679296,0
155,AP3019UT0007431_31-AUG-21,-0.9794920879145566,-1.0414579188799682,-0.8158912920763869,-1.352554573949082,-1.3678319053270775,-1.3428864901856794,-0.5450695579659514,-0.3424703416781703,-1.0279546743266548,-0.6306684523261731,-0.8248356975177262,0
156,AP3019UT0007432_31-AUG-21,-0.9794920879145566,-1.0414579188799682,-0.8158912920763869,-1.352554573949082,1.9296835680695943,-1.3428864901856794,-0.5450695579659514,-0.3424703416781703,-1.0279546743266548,0.8293279698932596,0.9267388293679296,1
157,AP3019UT0007433_31-AUG-21,4.3710909774607725,3.4775866955977506,-0.8158912920763869,1.072926340326101,1.9296835680695943,-1.3428864901856794,-0.5450695579659514,0.7370152323080433,0.9156311994749112,0.8293279698932596,0.9267388293679296,1
158,AP3019UT0007434_31-AUG-21,-0.9794920879145566,-1.0414579188799682,-0.8158912920763869,-1.352554573949082,-1.3678319053270775,-1.3428864901856794,-0.5450695579659514,-0.3424703416781703,-1.0279546743266548,-0.6306684523261731,-0.8248356975177262,0
159,AP3019UT0007435_31-AUG-21,-0.9794920879145566,-1.0414579188799682,-0.8158912920763869,1.072926340326101,1.9296835680695943,1.1578372137178348,1.2453262666866465,0.7370152323080433,0.9156311994749112,0.8293279698932596,0.9267388293679296,0
160,AP3019UT0007438_31-AUG-21,4.3710909774607725,3.4775866955977506,1.1638156917088385,1.072926340326101,1.9296835680695943,1.1578372137178348,-0.5450695579659514,0.7370152323080433,0.9156311994749112,0.8293279698932596,0.9267388293679296,1
161,AP3019UT0007440_31-AUG-21,4.3710909774607725,3.4775866955977506,1.1638156917088385,1.072926340326101,1.9296835680695943,1.1578372137178348,1.2453262666866465,0.7370152323080433,0.9156311994749112,0.8293279698932596,0.9267388293679296,1
162,AP3019UT0007442_31-AUG-21,-0.9794920879145566,-1.0414579188799682,-0.8158912920763869,-1.352554573949082,1.9296835680695943,-1.3428864901856794,-0.5450695579659514,-0.3424703416781703,-1.0279546743266548,0.8293279698932596,0.9267388293679296,0
163,AP3019UT0007443_31-AUG-21,-0.9794920879145566,-1.0414579188799682,-0.8158912920763869,1.072926340326101,1.9296835680695943,1.1578372137178348,-0.5450695579659514,0.7370152323080433,0.9156311994749112,0.8293279698932596,0.9267388293679296,0
164,AP3019UT0007444_31-AUG-21,-0.9794920879145566,3.4775866955977506,1.1638156917088385,1.072926340326101,1.9296835680695943,-1.3428864901856794,1.2453262666866465,0.7370152323080433,0.9156311994749112,0.8293279698932596,0.9267388293679296,0
165,AP3019UT0007445_31-AUG-21,-0.9794920879145566,-1.0414579188799682,1.1638156917088385,1.072926340326101,1.9296835680695943,1.1578372137178348,1.2453262666866465,0.7370152323080433,0.9156311994749112,0.8293279698932596,0.9267388293679296,0
166,AP3019UT0007446_31-AUG-21,-0.9794920879145566,-1.0414579188799682,1.1638156917088385,1.072926340326101,1.9296835680695943,1.1578372137178348,-0.5450695579659514,0.7370152323080433,0.9156311994749112,0.8293279698932596,0.9267388293679296,0
167,AP3019UT0007447_31-AUG-21,-0.9794920879145566,-1.0414579188799682,1.1638156917088385,1.072926340326101,1.9296835680695943,1.1578372137178348,1.2453262666866465,0.7370152323080433,0.9156311994749112,0.8293279698932596,0.9267388293679296,0
168,AP3019UT0007449_31-AUG-21,4.3710909774607725,3.4775866955977506,-0.8158912920763869,1.072926340326101,1.9296835680695943,1.1578372137178348,-0.5450695579659514,0.7370152323080433,0.9156311994749112,0.8293279698932596,0.9267388293679296,1
169,AP3019UT0007450_31-AUG-21,-0.9794920879145566,-1.0414579188799682,-0.8158912920763869,-1.352554573949082,-1.3678319053270775,-1.3428864901856794,-0.5450695579659514,-0.3424703416781703,-1.0279546743266548,0.8293279698932596,0.9267388293679296,0
170,AP3019UT0007451_31-AUG-21,-0.9794920879145566,-1.0414579188799682,-0.8158912920763869,1.072926340326101,1.9296835680695943,-1.3428864901856794,-0.5450695579659514,-0.3424703416781703,0.9156311994749112,0.8293279698932596,0.9267388293679296,0
171,AP3019UT0007452_31-AUG-21,-0.9794920879145566,-1.0414579188799682,-0.8158912920763869,1.072926340326101,1.9296835680695943,-1.3428864901856794,-0.5450695579659514,0.7370152323080433,0.9156311994749112,0.8293279698932596,0.9267388293679296,0
172,AP3019UT0007454_31-AUG-21,-0.9794920879145566,-1.0414579188799682,-0.8158912920763869,-1.352554573949082,-1.3678319053270775,-1.3428864901856794,-0.5450695579659514,-0.3424703416781703,-1.0279546743266548,-0.6306684523261731,-0.8248356975177262,0
173,AP3019UT0007457_31-AUG-21,-0.9794920879145566,-1.0414579188799682,-0.8158912920763869,-1.352554573949082,-1.3678319053270775,-1.3428864901856794,-0.5450695579659514,-0.3424703416781703,-1.0279546743266548,-0.6306684523261731,-0.8248356975177262,0
174,AP3019UT0007458_31-AUG-21,-0.9794920879145566,-1.0414579188799682,-0.8158912920763869,-1.352554573949082,-1.3678319053270775,-1.3428864901856794,-0.5450695579659514,-0.3424703416781703,-1.0279546743266548,-0.6306684523261731,-0.8248356975177262,0
175,AP3019UT0007459_31-AUG-21,-0.9794920879145566,-1.0414579188799682,-0.8158912920763869,-1.352554573949082,-1.3678319053270775,-1.3428864901856794,-0.5450695579659514,-0.3424703416781703,-1.0279546743266548,-0.6306684523261731,-0.8248356975177262,0
176,AP3019UT0007460_31-AUG-21,4.3710909774607725,3.4775866955977506,-0.8158912920763869,-1.352554573949082,1.9296835680695943,-1.3428864901856794,-0.5450695579659514,-0.3424703416781703,-1.0279546743266548,0.8293279698932596,0.9267388293679296,1
177,AP3019UT0007461_31-AUG-21,-0.9794920879145566,-1.0414579188799682,-0.8158912920763869,-1.352554573949082,-1.3678319053270775,-1.3428864901856794,-0.5450695579659514,-0.3424703416781703,-1.0279546743266548,-0.6306684523261731,-0.8248356975177262,0
178,AP3019UT0007462_31-AUG-21,-0.9794920879145566,-1.0414579188799682,-0.8158912920763869,-1.352554573949082,-1.3678319053270775,-1.3428864901856794,-0.5450695579659514,-0.3424703416781703,-1.0279546743266548,-0.6306684523261731,-0.8248356975177262,0
179,AP3019UT0007463_31-AUG-21,4.3710909774607725,3.4775866955977506,1.1638156917088385,1.072926340326101,1.9296835680695943,1.1578372137178348,1.2453262666866465,0.7370152323080433,0.9156311994749112,0.8293279698932596,0.9267388293679296,1
180,AP3019UT0007465_31-AUG-21,4.3710909774607725,3.4775866955977506,1.1638156917088385,1.072926340326101,1.9296835680695943,1.1578372137178348,1.2453262666866465,0.7370152323080433,0.9156311994749112,0.8293279698932596,0.9267388293679296,1
181,AP3019UT0007466_31-AUG-21,-0.9794920879145566,-1.0414579188799682,-0.8158912920763869,-1.352554573949082,-1.3678319053270775,-1.3428864901856794,-0.5450695579659514,-0.3424703416781703,-1.0279546743266548,0.8293279698932596,-0.8248356975177262,0
182,AP3019UT0007467_31-AUG-21,-0.9794920879145566,-1.0414579188799682,-0.8158912920763869,-1.352554573949082,-1.3678319053270775,1.1578372137178348,-0.5450695579659514,-0.3424703416781703,-1.0279546743266548,0.8293279698932596,0.9267388293679296,0
183,AP3019UT0007468_31-AUG-21,-0.9794920879145566,-1.0414579188799682,-0.8158912920763869,-1.352554573949082,-1.3678319053270775,-1.3428864901856794,-0.5450695579659514,-0.3424703416781703,-1.0279546743266548,0.8293279698932596,0.9267388293679296,0
184,AP3019UT0007469_31-AUG-21,-0.9794920879145566,-1.0414579188799682,-0.8158912920763869,1.072926340326101,1.9296835680695943,-1.3428864901856794,-0.5450695579659514,0.7370152323080433,0.9156311994749112,0.8293279698932596,0.9267388293679296,0
185,AP3019UT0007473_31-AUG-21,-0.9794920879145566,-1.0414579188799682,-0.8158912920763869,1.072926340326101,1.9296835680695943,1.1578372137178348,-0.5450695579659514,-0.3424703416781703,0.9156311994749112,0.8293279698932596,0.9267388293679296,0
186,AP3019UT0007474_31-AUG-21,-0.9794920879145566,-1.0414579188799682,-0.8158912920763869,-1.352554573949082,-1.3678319053270775,-1.3428864901856794,-0.5450695579659514,-0.3424703416781703,-1.0279546743266548,-0.6306684523261731,-0.8248356975177262,0
187,AP3019UT0007475_31-AUG-21,-0.9794920879145566,-1.0414579188799682,-0.8158912920763869,-1.352554573949082,-1.3678319053270775,-1.3428864901856794,-0.5450695579659514,-0.3424703416781703,-1.0279546743266548,0.8293279698932596,-0.8248356975177262,0
188,AP3019UT0007476_31-AUG-21,-0.9794920879145566,-1.0414579188799682,-0.8158912920763869,-1.352554573949082,-1.3678319053270775,-1.3428864901856794,-0.5450695579659514,-0.3424703416781703,-1.0279546743266548,-0.6306684523261731,-0.8248356975177262,0
189,AP3019UT0007477_31-AUG-21,-0.9794920879145566,-1.0414579188799682,1.1638156917088385,1.072926340326101,1.9296835680695943,-1.3428864901856794,1.2453262666866465,0.7370152323080433,0.9156311994749112,0.8293279698932596,0.9267388293679296,0
190,AP3019UT0007478_31-AUG-21,-0.9794920879145566,-1.0414579188799682,-0.8158912920763869,-1.352554573949082,-1.3678319053270775,-1.3428864901856794,-0.5450695579659514,-0.3424703416781703,-1.0279546743266548,-0.6306684523261731,0.9267388293679296,0
191,AP3019UT0007480_31-AUG-21,-0.9794920879145566,-1.0414579188799682,-0.8158912920763869,-1.352554573949082,-1.3678319053270775,-1.3428864901856794,-0.5450695579659514,-0.3424703416781703,-1.0279546743266548,0.8293279698932596,0.9267388293679296,0
192,AP3019UT0007481_31-AUG-21,-0.9794920879145566,-1.0414579188799682,-0.8158912920763869,-1.352554573949082,-1.3678319053270775,-1.3428864901856794,-0.5450695579659514,-0.3424703416781703,-1.0279546743266548,-0.6306684523261731,-0.8248356975177262,0
193,AP3019UT0007483_31-AUG-21,-0.9794920879145566,-1.0414579188799682,-0.8158912920763869,1.072926340326101,-1.3678319053270775,-1.3428864901856794,-0.5450695579659514,-0.3424703416781703,-1.0279546743266548,0.8293279698932596,0.9267388293679296,0
194,AP3019UT0007484_31-AUG-21,-0.9794920879145566,-1.0414579188799682,-0.8158912920763869,-1.352554573949082,1.9296835680695943,-1.3428864901856794,-0.5450695579659514,-0.3424703416781703,-1.0279546743266548,0.8293279698932596,0.9267388293679296,0
195,AP3019UT0007485_31-AUG-21,-0.9794920879145566,-1.0414579188799682,1.1638156917088385,1.072926340326101,1.9296835680695943,-1.3428864901856794,-0.5450695579659514,-0.3424703416781703,-1.0279546743266548,0.8293279698932596,0.9267388293679296,0
196,AP3019UT0007486_31-AUG-21,4.3710909774607725,3.4775866955977506,1.1638156917088385,1.072926340326101,1.9296835680695943,-1.3428864901856794,-0.5450695579659514,-0.3424703416781703,-1.0279546743266548,0.8293279698932596,0.9267388293679296,1
197,AP3019UT0007488_31-AUG-21,-0.9794920879145566,-1.0414579188799682,-0.8158912920763869,-1.352554573949082,-1.3678319053270775,-1.3428864901856794,-0.5450695579659514,-0.3424703416781703,-1.0279546743266548,0.8293279698932596,0.9267388293679296,0
198,AP3019UT0007489_31-AUG-21,-0.9794920879145566,-1.0414579188799682,-0.8158912920763869,-1.352554573949082,-1.3678319053270775,-1.3428864901856794,-0.5450695579659514,-0.3424703416781703,-1.0279546743266548,-0.6306684523261731,0.9267388293679296,0
199,AP3019UT0007490_31-AUG-21,-0.9794920879145566,-1.0414579188799682,-0.8158912920763869,-1.352554573949082,-1.3678319053270775,-1.3428864901856794,-0.5450695579659514,-0.3424703416781703,-1.0279546743266548,-0.6306684523261731,-0.8248356975177262,0
